X,Y,ID,UMKM,KEC.,USAHA,TK_TETAP,TK_LEPAS,IJIN,PEMASARAN,PEMASARA_1,JUMLAH PEM,OMZET,LONG,LAT
306870.313570277,9154907.42045899,5580,SARINEM,Kroya,Bahan Pokok,2,0,SIUP/TDP,296456,0,296456,296456,109.249208100000004,-7.641813337000000
308497.404197228,9159171.9457358,5581,BISRI,Kroya,Tas Snack,3,0,,296000,0,296000,296000,109.264109000000005,-7.603315022000000
305057.340304133,9156090.53006261,5582,CIPTA RASA,Kroya,Kerupuk Tengiri,3,0,,295400,0,295400,295400,109.232822100000007,-7.631049453000000
308206.646539619,9157798.33260456,5583,PARYATI,Kroya,Bahan Pokok,2,0,SIUP/TDP,294000,0,294000,294000,109.261424199999993,-7.615724036000000
303003.141427888,9155464.65018261,5585,SLAMET SUTIKNO,Kroya,Tahu,3,0,,288000,0,288000,288000,109.214183199999994,-7.636631719000000
302131.594732984,9155926.45183901,5586,JUMONO,Kroya,Tempe,3,0,,288000,0,288000,288000,109.206302500000007,-7.632423734000000
302783.605952164,9155176.66413347,5589,M. AZIZ,Kroya,Meja Al-Qur'an,3,0,,284520,0,284520,284520,109.212182900000002,-7.639227252000000
304535.381617239,9155147.51437658,5591,BASUKI,Kroya,"Tempat Pensil, Tempat Tisu",3,0,,278100,0,278100,278100,109.228056899999999,-7.639556233000000
308310.749256542,9156474.31518281,5593,WAHIDIN,Kroya,Tahu,3,0,,274739,0,274739,274739,109.262319300000001,-7.627698963000000
304624.266566173,9156649.28481405,5598,SOLEH,Kroya,Kue Cumi dan Cheese Stik,3,0,,266810,0,266810,266810,109.228918300000004,-7.625981488000000
303198.782867018,9158492.26014853,5602,SARIJO,Kroya,Bahan Pokok,5,0,SIUP/TDP,261000,0,261000,261000,109.216069500000003,-7.609265508000000
300864.88222365,9156311.44648504,5603,WASIKUN,Kroya,Kesed,3,0,,260750,0,260750,260750,109.194838099999998,-7.628895135000000
302786.024780193,9158731.49015222,5604,SYAHARI MUKHTAR,Kroya,Wooden Box/Lunch Box,372,0,"IUP, TDP, SIUP, HO",260000,0,260000,260000,109.212338200000005,-7.607087153000000
301318.107324501,9157043.93758523,5605,CHUNAINI,Kroya,Kripik Buah,5,0,P-IRT,257233,0,257233,257233,109.198972900000001,-7.622289650000000
305672.091830114,9153514.49703033,5607,PKK Ds. PESAWAHAN,Kroya,Bunga Acrilic,2,0,,257233,0,257233,257233,109.238297599999996,-7.654363144000000
308332.638015739,9159305.80953441,5608,EKO SUROSO SE,Kroya,Kue Cumi,4,0,P-IRT,257005,0,257005,257005,109.262620799999993,-7.602098711000000
310627.263865057,9154478.44976915,5612,DULAH KASAN WARSO,Kroya,Bahan Pokok,8,0,SIUP/TDP,249400,0,249400,249400,109.283240199999995,-7.645828659000000
310555.99064556,9156414.96141882,5614,HADI WARSONO,Kroya,Perajin Tahu,1,0,,244800,0,244800,244800,109.282664199999999,-7.628316887000000
305572.071962771,9158955.51941354,5615,SRI LESTARI,Kroya,Lanting,2,0,,243200,0,243200,243200,109.237592599999999,-7.605164952000000
304083.119734798,9154859.5564799,5616,SAMIJO,Kroya,Warung Rokok,5,0,,240205,0,240205,240205,109.223947600000002,-7.642142920000000
302634.53659994,9156525.11919906,5622,WARSO,Kroya,VCO,2,0,P-IRT,238080,0,238080,238080,109.210882699999999,-7.627029908000000
301438.69046047,9158299.69794969,5623,MA'MUN HIDAYAT,Kroya,Telor Asin Cup,3,0,,238070,0,238070,238070,109.200113000000002,-7.610940583000000
302192.656098028,9157237.38726616,5624,MARYOTO,Kroya,Asbak,3,0,,235712,0,235712,235712,109.206905199999994,-7.620573528000000
302852.72056449,9157656.27030117,5625,DARTO MIHARJO,Kroya,Perajin Tempe,5,0,,233280,0,233280,233280,109.212902299999996,-7.616811020000000
308025.35686911,9159069.44855596,5627,AGUS KUSMO,Kroya,Aneka Krupuk Ikan Tengiri,3,0,,227500,0,227500,227500,109.259827700000002,-7.604224617000000
303403.931393778,9157542.41435923,5632,NONO,Kroya,Ind. Kesed Sabut Kelapa,16,0,SIUP/TDP,222700,0,222700,222700,109.217893000000004,-7.617861009000000
303884.850121561,9153686.57229273,5642,MUGI HARTONO,Kroya,Tahu,2,0,,216000,0,216000,216000,109.222106900000000,-7.652740852000000
303055.661134156,9155050.66376212,5645,PENI RIYANTI,Kroya,Bahan Pokok,2,0,SIUP/TDP,215550,0,215550,215550,109.214643600000002,-7.640376657000000
306470.407482372,9158650.05920336,5647,WIDIANTORO,Kroya,Suku Cadang Sparepart,2,1,,210000,0,210000,210000,109.245721799999998,-7.607959756000000
307345.818824641,9156044.0611349,5648,MUHARIL,Kroya,Perajin Tempe,5,0,,206064,0,206064,206064,109.253559100000004,-7.631553877000000
308188.202128112,9156347.03412834,5651,VIRGO COLLECTION,Kroya,Tas Snack,3,0,,203000,0,203000,203000,109.261204100000000,-7.628845314000000
305935.255225196,9154100.77078382,5652,SUSI,Kroya,Warung Rokok,9,0,SIUP/TDP,201024,0,201024,201024,109.240704300000004,-7.649072143000000
307659.913667984,9159147.49057247,5658,Hj. NURJANAH,Kroya,Kripik Belut,2,0,P-IRT,192922,0,192922,192922,109.256518999999997,-7.603505703000000
303088.743994517,9156527.17893591,5659,LINA TOKO,Kroya,Pertokoan,2,0,SIUP TDP,192000,0,192000,192000,109.214998800000004,-7.627028291000000
305551.432950114,9155902.66504556,5660,KASIYONO,Kroya,Krupuk Opak,5,0,,192000,0,192000,192000,109.237292699999998,-7.632766296000000
305327.905129433,9154080.78451305,5661,WINARTO,Kroya,Limun,2,0,P-IRT,190464,0,190464,190464,109.235199399999999,-7.649230361000000
303909.355653773,9154400.15871313,5663,TRI WIBOWO,Kroya,"Material Bangunan, pupuk dan obat-obatan pertanian",2,2,,186000,0,186000,186000,109.222355699999994,-7.646290003000000
303068.761938123,9156491.89733833,5667,BANDUNG PENJAHIT,Kroya,Penjahit,10,0,SIUP TDP,180000,0,180000,180000,109.214816400000004,-7.627346535000000
307726.013260161,9160412.69583189,5668,SUTARI HARYANI,Kroya,Jahe Instan,3,0,P-IRT,178560,0,178560,178560,109.257164099999997,-7.592068739000000
304179.849902748,9158438.73975231,5670,RISNEM,Kroya,Perajin Tahu,1,0,,175154,0,175154,175154,109.224957599999996,-7.609785896000000
301828.07083944,9156929.78398628,5671,PURWANTO,Kroya,Rokok Kretek,5,0,,175000,0,175000,175000,109.203589800000003,-7.623340946000000
303773.190577608,9159088.81004999,5672,RADIN,Kroya,Wuwu,2,0,,171000,0,171000,171000,109.221296800000005,-7.603893288000000
302566.222632231,9153607.64771919,5676,YULIANA,Kroya,Roti Basah,2,0,P-IRT,170227,0,170227,170227,109.210153800000001,-7.653404983000000
306749.960957875,9160741.88405863,5677,SUDARNO,Kroya,P. Sari Jamu,3,0,,167680,0,167680,167680,109.248331699999994,-7.589056825000000
303753.98062094,9153529.58264572,5689,RISKY,Kroya,Batik,2,0,,158400,0,158400,158400,109.220915000000005,-7.654155352000000
303935.025994095,9155024.78681984,5692,YUSWANTO,Kroya,Sapu Lidi,7,0,,150000,0,150000,150000,109.222611700000002,-7.640643495000000
303526.295241879,9158819.3417168,5694,AHMAD SUFICHUDI,Kroya,Bahan Pokok,2,0,SIUP/TDP,146000,0,146000,146000,109.219049499999997,-7.606320460000000
308786.264999274,9160319.75311942,5695,AGUNG,Kroya,Bahan Material Bangunan,2,2,,144000,0,144000,144000,109.266768200000001,-7.592947518000000
304903.193864977,9159248.06330645,5696,DARSA,Kroya,Bahan Pokok,3,0,SIUP/TDP,144000,0,144000,144000,109.231542300000001,-7.602495280000000
306473.696823955,9155930.14165593,5700,BAROKAH MANDIRI,Kroya,Bahan Pokok,2,0,SIUP TDP,144000,0,144000,144000,109.245651499999994,-7.632551872000000
302485.528309238,9155977.64865772,5707,R. BINTARO ARDISURYO Amd,Kroya,Bakpia,3,0,P-IRT,142828,0,142828,142828,109.209511800000001,-7.631974148000000
304629.029138053,9156483.67780455,5710,SUMODIARTO Su,Kroya,Bahan Pokok,2,0,SIUP/TDP,142800,0,142800,142800,109.228955299999996,-7.627478978000000
302577.151779298,9155323.76969115,5711,RUSTINAH,Kroya,Bahan Pokok,6,0,SIUP/TDP,142272,0,142272,142272,109.210317500000002,-7.637889482000000
309343.048608148,9155511.31843783,5714,SARWAN,Kroya,Perajin Tahu,3,0,,140026,0,140026,140026,109.271639300000004,-7.636443449000000
307810.886222184,9156681.40578286,5715,SUTIRAH,Kroya,Batik,2,0,,132000,0,132000,132000,109.257796999999997,-7.625808329000000
310363.518560809,9156017.60164556,5718,DARMO,Kroya,Wuwu,2,0,,129600,0,129600,129600,109.280905599999997,-7.631902731000000
306870.622227369,9157128.39355687,5722,SUNARSIH,Kroya,Photo Copy,6,0,SIUP/TDP,125000,0,125000,125000,109.249292600000004,-7.621732506000000
308725.186059141,9154679.38947349,5725,MAD SAUDIN,Kroya,Perajin Tempe,6,0,,123552,0,123552,123552,109.266009600000004,-7.643942930000000
304897.46158592,9159919.49662913,5729,MUDHAKIR,Kroya,Perajin Tahu,1,0,,122400,0,122400,122400,109.231515200000004,-7.596424379000000
306850.147035426,9156060.72863795,5730,SUPRIONO,Kroya,Perajin Tahu,1,0,,122400,0,122400,122400,109.249067800000006,-7.631385008000000
308023.32528049,9159053.2465472,5731,TURIMAN,Kroya,Perajin Tahu,1,0,,122400,0,122400,122400,109.259808699999994,-7.604371034000000
305526.503358336,9156613.34497392,5732,H. AMBARI,Kroya,Warung Rokok,3,0,SIUP/TDP,120614,0,120614,120614,109.237093099999996,-7.626339831000000
308087.10423508,9156532.48025915,5733,SAN SUMARDI,Kroya,Perajin Tempe,4,0,,120096,0,120096,120096,109.260294700000003,-7.627164915000000
302191.862287024,9157324.93362308,5734,SANMIARJO,Kroya,Bahan Pokok,2,0,SIUP/TDP,120000,0,120000,120000,109.206901299999998,-7.619781969000000
301108.185423653,9156760.48272512,5735,BUDIANTO,Kroya,"Pupuk, obat-obatan pertanian",2,2,,120000,0,120000,120000,109.197059899999999,-7.624844504000000
302727.723488957,9160011.54291982,5740,ESTI,Kroya,Makanan Ringan,1,0,,120000,0,120000,120000,109.211857800000004,-7.595511646000000
301212.037587425,9157133.44615969,5742,SUSANTI,Kroya,Bawang Goreng,3,0,P-IRT,119040,0,119040,119040,109.198015100000006,-7.621476383000000
304522.467130485,9156496.38869403,5743,YUSWANTO,Kroya,DAM,2,0,P-IRT,119040,0,119040,119040,109.227990100000000,-7.627360099000000
306837.079059633,9155917.3754949,5744,YENI WIDIASTUTI,Kroya,Rempeyek,2,0,P-IRT,119040,0,119040,119040,109.248944100000003,-7.632680650000000
310628.042739504,9154402.11897739,5745,WEMMY WAHYUNI,Kroya,Roti Basah,3,0,P-IRT,119040,0,119040,119040,109.283244499999995,-7.646518841000000
307248.05758074,9156355.71756414,5747,FAIDAH,Kroya,Batik,2,0,,118800,0,118800,118800,109.252684599999995,-7.628732462000000
302035.021205009,9155882.85457089,5748,LIA,Kroya,Batik,2,0,,118800,0,118800,118800,109.205425700000006,-7.632814275000000
305906.677492418,9156800.75804358,5749,SAWEN,Kroya,Bahan Pokok,6,0,SIUP/TDP,115200,0,115200,115200,109.240545200000000,-7.624659377000000
306065.024200592,9154977.8123656,5751,NURTIANA,Kroya,Bahan Pokok,6,0,SIUP/TDP,115000,0,115000,115000,109.241912799999994,-7.641147237000000
308256.282677688,9159396.79929923,5753,CHABIB,Kroya,Bahan Pokok,7,0,SIUP/TDP,110000,0,110000,110000,109.261932200000004,-7.601273253000000
310112.388568899,9156096.25864696,5755,AHMAD WAHIDIN,Kroya,Bahan Pokok,5,0,SIUP/TDP,108000,0,108000,108000,109.278632599999995,-7.631182489000000
308758.961996618,9156243.12074947,5757,EKO HARAPAN,Kroya,Bahan Pokok,4,0,SIUP TDP,108000,0,108000,108000,109.266372700000005,-7.629805618000000
307186.912073447,9157962.0682056,5758,JAIKEM,Kroya,Bahan Pokok,3,0,SIUP TDP,108000,0,108000,108000,109.252189400000006,-7.614206436000000
301908.454074188,9157890.25983865,5762,MINHAJUL QOWIM,Kroya,Jamur Tiram,3,0,,108000,0,108000,108000,109.204354400000000,-7.614660071000000
307548.679439759,9157625.60668195,5763,SRI RAHAYUNI,Kroya,Konveksi,7,0,,107682,0,107682,107682,109.255455400000002,-7.617261765000000
305439.176433308,9154158.75027207,5765,MASTOLKAH,Kroya,Bahan Pokok,3,0,SIUP/TDP,105780,0,105780,105780,109.236210700000001,-7.648529567000000
305963.212551087,9156653.84701217,5768,SUGIO,Kroya,Perajin Tahu,1,0,,105019,0,105019,105019,109.241052100000005,-7.625989745000000
302896.422844483,9153715.15182764,5769,SURATMI,Kroya,Perajin Tahu,1,0,,105019,0,105019,105019,109.213150299999995,-7.652445423000000
303555.327572794,9158519.60923079,5772,Ny SUPARMI,Kroya,Bahan Pokok,3,0,SIUP/TDP,102960,0,102960,102960,109.219301400000006,-7.609031519000000
308707.298625689,9156264.79134258,5774,JAENI,Kroya,Perajin Tempe,4,0,,102960,0,102960,102960,109.265905300000000,-7.629607805000000
307126.655137374,9155756.18927461,5775,KASNO,Kroya,Perajin Tempe,4,0,,102960,0,102960,102960,109.251562399999997,-7.634148634000000
303916.223656614,9154949.72134722,5779,E WERDININGSIH,Kroya,Jamu,3,0,,102060,0,102060,102060,109.222438499999996,-7.641321485000000
304335.314669451,9154865.36120908,5781,TUSINAH,Kroya,Bahan Pokok,2,0,SIUP/TDP,100000,0,100000,100000,109.226233300000004,-7.642099834000000
306826.827177216,9154896.41488913,5782,SUGIYANTO,Kroya,Sepeda,6,0,,100000,0,100000,100000,109.248813600000005,-7.641911245000000
302262.567134115,9155934.90793077,5783,HARJITO,Kroya,Sale Pisang (goreng),4,0,Depkes RI 116.11.09.99,100000,0,100000,100000,109.207489699999996,-7.632352204000000
305330.343312776,9153473.05307234,5784,BAHRUDIN,Kroya,Perajin Tempe,4,0,,99504,0,99504,99504,109.235198900000000,-7.654725185000000
302050.947862884,9153596.74857075,5785,NASIPAH,Kroya,Bahan Pokok,9,0,SIUP/TDP,99500,0,99500,99500,109.205483700000002,-7.653484111000000
307535.106229365,9156205.64318446,5786,ALI MAKSUM,Kroya,Perajin Tempe,4,0,,98784,0,98784,98784,109.255280400000004,-7.630099861000000
305354.166364759,9153556.39085816,5788,SARIYAH,Kroya,Bahan Pokok,2,0,SIUP/TDP,95000,0,95000,95000,109.235417900000002,-7.653972580000000
302265.493707146,9157611.29706906,5789,KAISAH,Kroya,Bahan Pokok,2,0,SIUP/TDP,94848,0,94848,94848,109.207579300000006,-7.617195645000000
303947.708115592,9155891.04227576,5790,TUSINAH,Kroya,Batik,2,0,,92400,0,92400,92400,109.222758999999996,-7.632811867000000
305319.66139241,9156999.90077289,5794,RAMBATIYAH,Kroya,Bahan Pokok,2,0,SIUP/TDP,90000,0,90000,90000,109.235232999999994,-7.622837184000000
305206.919300861,9155877.31896204,5796,MOHAMAD ARIFIN,Kroya,Sabut,3,0,,90000,0,90000,90000,109.234169699999995,-7.632982716000000
301329.288595706,9157609.77007564,5801,NANO,Kroya,Kesed Sabut Kelapa,3,0,SIUP/TDP,86400,0,86400,86400,109.199095600000007,-7.617174256000000
301807.326312981,9157412.16267069,5804,AMSORI,Kroya,Perajin Tempe,3,0,,82368,0,82368,82368,109.203419999999994,-7.618978864000000
308763.579625063,9155555.64143895,5805,CHALIMI,Kroya,Perajin Tempe,3,0,,82368,0,82368,82368,109.266389500000002,-7.636021660000000
308752.782397736,9156657.88418874,5812,SUDIARJO,Kroya,Perajin Tempe,4,0,,82368,0,82368,82368,109.266331800000003,-7.626055291000000
302826.393463601,9154375.05533068,5816,NIKMAH,Kroya,Batik,2,0,,79200,0,79200,79200,109.212540500000003,-7.646476424000000
305749.785581308,9156840.41412352,5817,BARUDIN,Kroya,Perajin Tempe,4,0,,78912,0,78912,78912,109.239124899999993,-7.624295046000000
305846.43716289,9154125.63318389,5822,SAMINO,Kroya,Bahan Pokok,5,0,SIUP/TDP,76000,0,76000,76000,109.239900300000002,-7.648844068000000
301644.878090522,9157400.71682241,5824,SURYANI,Kroya,Bahan Pokok,3,0,SIUP/TDP,76000,0,76000,76000,109.201947500000003,-7.619076238000000
307603.082160044,9159678.79771217,5827,ADNO,Kroya,Kesed Ranjau,7,0,,75000,0,75000,75000,109.256023400000004,-7.598699816000000
305899.339710493,9154097.73743774,5828,PUJI RAHARJO,Kroya,Kesed Sabut Kelapa,4,0,,75000,0,75000,75000,109.240378699999994,-7.649098241000000
305081.459415876,9155057.57291691,5830,MUSLIHUDIN SUKAR,Kroya,Bahan Pokok,5,0,SIUP/TDP,73500,0,73500,73500,109.233002299999995,-7.640389705000000
306064.491398234,9158908.2760814,5835,SARANA RESIK UD,Kroya,Bahan Pokok,2,0,SIUP TDP,72000,0,72000,72000,109.242052999999999,-7.605610207000000
303585.477067873,9158935.18510319,5836,"DAM ""BAYQUA""",Kroya,DAM,6,0,SIUP TDP,72000,0,72000,72000,109.219590100000005,-7.605275284000000
308371.588206852,9159353.80025555,5843,DONI,Kroya,Perajin Tahu,2,0,,70013,0,70013,70013,109.262975499999996,-7.601666214000000
307725.967248562,9156393.19558052,5844,MAD SUMARTO,Kroya,Perajin Tahu,3,0,,70013,0,70013,70013,109.257016899999996,-7.628411082000000
306801.795123,9156193.28689917,5845,MARBANI,Kroya,Perajin Tempe,4,0,,68688,0,68688,68688,109.248634499999994,-7.630184713000000
308692.390849191,9159722.55159214,5846,NARSUDI,Kroya,Perajin Tempe,3,0,,68688,0,68688,68688,109.265895900000004,-7.598343755000000
307207.840592974,9154566.63307871,5851,SARKENI,Kroya,Perajin Tempe,4,0,,68688,0,68688,68688,109.252254399999998,-7.644906950000000
306849.119756033,9155707.69663184,5856,SUNARTI,Kroya,Batik,2,0,,66000,0,66000,66000,109.249045499999994,-7.634576895000000
304893.789870901,9159480.82821859,5857,Drs. NUR HUDA,Kroya,Toko Kelontong,3,0,,64190,0,64190,64190,109.231465700000001,-7.600390415000000
308239.19661869,9157810.17172969,5858,HADI SUKISNO,Kroya,Perajin Tempe,4,0,,61776,0,61776,61776,109.261719600000006,-7.615618176000000
306973.338979914,9154625.91875096,5859,KARTAREJA,Kroya,Perajin Tempe,3,0,,61776,0,61776,61776,109.250131400000001,-7.644362309000000
302433.507386622,9158104.03116531,5861,M. SUWANDI,Kroya,Perajin Tempe,3,0,,61776,0,61776,61776,109.209120299999995,-7.612747001000000
306629.506080388,9155941.3911364,5864,SANDIWIRYA,Kroya,Perajin Tempe,4,0,,61776,0,61776,61776,109.247063900000001,-7.632455889000000
305531.172114904,9155846.2074456,5870,ABDUL AZIZ,Kroya,Kesed Kain,5,0,,60000,0,60000,60000,109.237106999999995,-7.633276003000000
307178.028385222,9156353.53621057,5871,SUTARSO,Kroya,Pel Oval,5,0,,60000,0,60000,60000,109.252049900000003,-7.628749620000000
302764.010846075,9157546.05115539,5874,Oo NOTO RUJITO,Kroya,Sikat Ketrok,5,0,,60000,0,60000,60000,109.212094300000004,-7.617804225000000
308452.192563721,9157984.11959148,5875,H. HASYIM,Kroya,Tenda,20,0,,60000,0,60000,60000,109.263656100000006,-7.614053161000000
306906.254095902,9154909.85598872,5878,M. NASLIM MDL,Kroya,Raga Guna Jamu,3,0,,58950,0,58950,58950,109.249533900000003,-7.641792637000000
306324.011168651,9160359.81914756,5879,INSAN TOKO,Kroya,Pakaian,2,0,SIUP TDP,57600,0,57600,57600,109.244457999999995,-7.592495676000000
306301.947289907,9155982.70432043,5882,KISTAM,Kroya,Perajin Tempe,3,0,,54864,0,54864,54864,109.244096999999996,-7.632070310000000
311268.310245609,9155947.41599462,5883,MADSAERI,Kroya,Perajin Tempe,4,0,,54864,0,54864,54864,109.289102700000001,-7.632569856000000
307670.571510982,9157749.09014065,5886,SARIKIN,Kroya,Perajin Tempe,3,0,,54864,0,54864,54864,109.256564499999996,-7.616149737000000
307721.536347845,9158100.97561507,5888,ZAENAL MUSTAQIM,Kroya,Bahan Pokok,3,0,SIUP/TDP,53400,0,53400,53400,109.257039199999994,-7.612970021000000
310922.808325963,9155791.97004835,5889,SUHADWAN,Kroya,Photo Studio,5,0,SIUP/TDP,53055,0,53055,53055,109.285966000000002,-7.633962937000000
303337.637625189,9158622.10728817,5896,H. AMINUN,Kroya,Tembakau Rajang,8,0,,52400,0,52400,52400,109.217332600000006,-7.608096695000000
309628.505107603,9155945.66213888,5900,HADI MARNO/LANGGENG TOKO BESI,Kroya,Material dan Bangunan,3,0,SIUP/TDP/NPWP,50797,0,50797,50797,109.274242000000001,-7.632526637000000
303914.602075761,9158328.40856962,5901,SUWARTO,Kroya,Bahan Pokok,3,0,SIUP/TDP,50500,0,50500,50500,109.222549900000004,-7.610773589000000
302445.260637495,9155135.90675065,5902,SARIMIN,Kroya,Bahan Pokok,3,0,SIUP/TDP,50500,0,50500,50500,109.209115199999999,-7.639583046000000
307770.454023695,9154745.91062037,5903,SUNARTO,Kroya,Bahan Pokok,3,0,SIUP/TDP,50500,0,50500,50500,109.257359699999995,-7.643306632000000
302709.88010587,9156515.49518326,5905,NALNI ISAYAH,Kroya,Almari,6,0,SIUP/TDP,50000,0,50000,50000,109.211565100000001,-7.627119745000000
306471.292773172,9153562.48976801,5906,A. SUMODIHARJO,Kroya,Ubur-ubur,6,0,,50000,0,50000,50000,109.245542299999997,-7.653958763000000
304468.513399906,9157239.09419504,5908,SUDARTO,Kroya,Perajin Tahu,3,0,,49572,0,49572,49572,109.227528800000002,-7.620643029000000
307882.260670586,9154894.52306144,5909,SUKIMAN,Kroya,Alat Rumahtangga,2,0,SIUP TDP,59732,0,59732,59732,109.258378399999998,-7.641967042000000
306340.256554579,9159975.46403312,5911,SUPARMAN,Kroya,Sikat Ketrok,3,0,,48000,0,48000,48000,109.244591099999994,-7.595971400000000
303085.815979791,9156183.99672036,5912,MARTONO,Kroya,Tempe Kedelai,2,0,,48000,0,48000,48000,109.214959399999998,-7.630130993000000
302435.986452139,9153628.02707225,5913,MUCH SURURUDIN,Kroya,Rokok Kretek,8,0,,47424,0,47424,47424,109.208974299999994,-7.653215826000000
304016.455999121,9153750.98385024,5915,SARIJO,Kroya,Pengrajin tas,2,0,,45000,0,45000,45000,109.223302000000004,-7.652163403000000
308402.78725505,9156656.07138196,5921,TULKHAN,Kroya,Jamur,2,0,,43200,0,43200,43200,109.263159999999999,-7.626058959000000
307290.165027247,9158126.76174528,5922,AMINJOYO,Kroya,Perajin Tempe,2,0,,41184,0,41184,41184,109.253131100000004,-7.612721135000000
308033.996990668,9156381.15671166,5924,DIMYATI,Kroya,Perajin Tempe,3,0,,41184,0,41184,41184,109.259807899999998,-7.628531173000000
308841.289711413,9159312.43960957,5925,DIWEN,Kroya,Perajin Tempe,2,0,,41184,0,41184,41184,109.267230299999994,-7.602057195000000
301050.60976785,9157538.5380556,5926,DUL PARMAN,Kroya,Perajin Tempe,3,0,,41184,0,41184,41184,109.196567599999995,-7.617807771000000
307634.008761623,9155856.83092637,5927,HADI SUWIRYO,Kroya,Perajin Tempe,2,0,,41184,0,41184,41184,109.256163900000004,-7.633257261000000
306202.756284004,9156787.45942722,5931,KARTO NAKUN,Kroya,Perajin Tempe,2,0,,41184,0,41184,41184,109.243227800000000,-7.624790518000000
307731.230479219,9159050.12837138,5934,KAWIARSO,Kroya,Perajin Tempe,3,0,,41184,0,41184,41184,109.257161699999997,-7.604388601000000
306129.668602704,9154671.29660522,5935,KINAH,Kroya,Perajin Tempe,3,0,,41184,0,41184,41184,109.242487299999993,-7.643920961000000
303449.169906795,9157592.10080521,5941,PARTO,Kroya,Perajin Tempe,2,0,,41184,0,41184,41184,109.218304799999999,-7.617413465000000
302209.596344296,9155935.57631856,5946,SANDI KARTA,Kroya,Perajin Tempe,4,0,,41184,0,41184,41184,109.207009700000000,-7.632344170000000
307388.417827446,9159761.00932642,5949,SASTRAWIKARYA,Kroya,Perajin Tempe,2,0,,41184,0,41184,41184,109.254081200000002,-7.597948681000000
306173.755080274,9158147.18352018,5950,SAWINAH,Kroya,Perajin Tempe,5,0,,41184,0,41184,41184,109.243015099999994,-7.612495592000000
301916.215083629,9157990.47492745,5951,SOLEHUDIN,Kroya,Perajin Tempe,2,0,,41184,0,41184,41184,109.204428500000006,-7.613754293000000
308715.562823016,9156838.97427426,5956,SUTRISNO,Kroya,Perajin Tempe,2,0,,41184,0,41184,41184,109.266001099999997,-7.624416605000000
307253.994131432,9158014.16626816,5957,YULI SUKESIH,Kroya,Perajin Tempe,3,0,,41184,0,41184,41184,109.252799199999998,-7.613737844000000
301417.108618093,9155971.69848417,5959,FATIMAH,Kroya,Batik,2,0,,39600,0,39600,39600,109.199829500000007,-7.631987732000000
307890.585837692,9158999.77157873,5961,KASNURI,Kroya,Perajin Tempe,2,0,,37728,0,37728,37728,109.258603899999997,-7.604849702000000
305982.740626923,9155969.93339997,5966,SUGINAH,Kroya,Bahan Pokok,2,0,SIUP/TDP,37160,0,37160,37160,109.241203799999994,-7.632174017000000
304008.158355897,9157308.82666867,5967,ALIF STICKER,Kroya,Variasi,3,0,SIUP TDP,36000,0,36000,36000,109.223359700000003,-7.619995453000000
302599.729878684,9155307.62933686,5971,MA'RUF,Kroya,Perajin Tempe,3,0,,35712,0,35712,35712,109.210521499999999,-7.638036259000000
310227.095452078,9154799.19417131,5973,KHATIMATUL HUSNA,Kroya,Keripik Buah,2,0,SPP-IRT,34560,0,34560,34560,109.279625199999998,-7.642914172000000
304905.125852783,9159515.38624762,5974,SLAMET,Kroya,Nugget,2,0,SPP-IRT,34272,0,34272,34272,109.231569699999994,-7.600078381000000
303114.444925677,9155990.98985361,5978,MANGSUDI,Kroya,Perajin Tempe,3,0,,34272,0,34272,34272,109.215211600000004,-7.631877096000000
307144.067166485,9155832.56581547,5982,TITIN SUTINI,Kroya,Keripik,4,0,,32400,0,32400,32400,109.251722999999998,-7.633458716000000
307228.574258004,9158447.06050079,5983,TURSINAH,Kroya,Keripik,4,0,,32400,0,32400,32400,109.252584700000000,-7.609822908000000
308317.952013222,9158302.17927219,5986,MARTIJEM,Kroya,Tempe,4,0,,32400,0,32400,32400,109.262451200000001,-7.611172537000000
309060.982794001,9156512.47011801,5987,SAMINGAN,Kroya,Tempe,4,0,,32400,0,32400,32400,109.269119500000002,-7.627381245000000
305975.344941626,9157132.07172536,5988,AWAL MOTOR,Kroya,Bengkel Motor,4,0,SIUP TDP,32000,0,32000,32000,109.241179700000004,-7.621666359000000
302747.306806629,9159336.45300106,5993,SISWO WIHARJO,Kroya,Pet oval,2,0,,30000,0,30000,30000,109.212010000000006,-7.601616062000000
308703.110736539,9159145.48415034,5997,SARTONO,Kroya,Sikat Ketrok,3,0,,30000,0,30000,30000,109.265972099999999,-7.603561730000000
303352.268545208,9155489.68043716,5998,ROMELAH,Kroya,Sikat Ketrok,3,0,,30000,0,30000,30000,109.217348000000001,-7.636418480000000
307036.260694847,9159181.71876091,5999,AMINJOYO,Kroya,Tempe Kedelai,2,0,,30000,0,30000,30000,109.250868900000000,-7.603173482000000
307903.591840384,9159481.10153776,6000,SUWARTO,Kroya,Sriping Pisang,3,0,,30000,0,30000,30000,109.258739300000002,-7.600498221000000
305566.345172736,9159136.94223462,6004,NURHEDI,Kroya,Perajin Tempe,5,0,,28800,0,28800,28800,109.237547399999997,-7.603524422000000
308636.876265073,9156972.79832369,6007,Ny SETU,Kroya,Perajin Tempe,2,0,,27360,0,27360,27360,109.265292900000006,-7.623203771000000
305859.298566593,9154178.04244745,6008,NAWINIEN,Kroya,Tempe Kedelai,2,0,,26400,0,26400,26400,109.240018800000001,-7.648370690000000
302621.227546195,9156498.67338212,6009,SUDARNO,Kroya,Rokok Kretek,5,0,,25920,0,25920,25920,109.210761099999999,-7.627268513000000
308449.265973138,9158262.21304249,6011,WASUDIN,Kroya,Perajin Tempe,2,0,,24624,0,24624,24624,109.263639699999999,-7.611538662000000
305921.704539575,9154648.92139871,6012,SLAMET SUMANTRI,Kroya,Jamu,6,0,"SIUP, TDP, HO, STPIK",24340,0,24340,24340,109.240601799999993,-7.644115586000000
306866.847515786,9159101.67265746,6013,SUKRA RAMADHANI,Kroya,Industri Jamu,20,0,IKOT,24000,0,24000,24000,109.249330799999996,-7.603891025000000
303602.083846098,9159842.89746217,6023,SALIMAN,Kroya,Tempe,3,0,,21600,0,21600,21600,109.219774400000006,-7.597068975000000
301928.154368283,9158155.49707217,6025,SUWITO,Kroya,Tempe,3,0,,21600,0,21600,21600,109.204542900000007,-7.612262735000000
303161.526011226,9159504.3558794,6027,CHOMSITI,Kroya,Perajin Tempe,1,0,,20592,0,20592,20592,109.215769699999996,-7.600113449000000
308296.445399431,9155735.51653414,6029,JIWOK,Kroya,Perajin Tempe,3,0,,20592,0,20592,20592,109.262162700000005,-7.634378308000000
308778.254520469,9160291.8026826,6030,KARMI,Kroya,Perajin Tempe,2,0,,20592,0,20592,20592,109.266694599999994,-7.593199944000000
310893.13871191,9156368.9017152,6031,KASMUDIARJO,Kroya,Perajin Tempe,3,0,,20592,0,20592,20592,109.285717899999995,-7.628745464000000
309415.201738061,9155742.97889294,6037,MUGI RAHAYU,Kroya,Perajin Tempe,2,0,,20592,0,20592,20592,109.272301600000006,-7.634351490000000
304852.185170208,9159699.7449421,6039,Ny SANAWI,Kroya,Perajin Tempe,3,0,,20592,0,20592,20592,109.231096800000003,-7.598409568000000
307342.85782415,9159784.15832468,6042,PAINAH,Kroya,Perajin Tempe,2,0,,20592,0,20592,20592,109.253669200000004,-7.597737719000000
311689.728129387,9155195.29520021,6043,RUMINAH,Kroya,Perajin Tempe,2,0,,20592,0,20592,20592,109.292894799999999,-7.639385383000000
309411.816996009,9155827.6295945,6044,SABIYAH,Kroya,Perajin Tempe,1,0,,20592,0,20592,20592,109.272273999999996,-7.633585992000000
306744.380203648,9156470.68080931,6047,SATRO DWIHARJO,Kroya,Perajin Tempe,2,0,,20592,0,20592,20592,109.248124399999995,-7.627674560000000
307442.041211509,9156794.33199084,6049,SOFIYAH,Kroya,Perajin Tempe,2,0,,20592,0,20592,20592,109.254458600000007,-7.624773834000000
306497.274655935,9160902.4054672,6053,TURINGAH,Kroya,Perajin Tempe,1,0,,20592,0,20592,20592,109.246047899999994,-7.587596243000000
307451.038283893,9159672.25764189,6054,YASNO,Kroya,Perajin Tempe,3,0,,20592,0,20592,20592,109.254645400000001,-7.598753411000000
306632.600204504,9155929.45186994,6056,TUSAM,Kroya,Sapu,8,0,,20400,0,20400,20400,109.247091499999996,-7.632563951000000
306406.094412748,9160905.5056124,6059,KAMIDAH,Kroya,Tempe,3,0,,19440,0,19440,19440,109.245221799999996,-7.587564879000000
307170.952067367,9156160.91530326,6062,ENI SUNGKOWO,Kroya,Tempe,3,0,,19440,0,19440,19440,109.251978699999995,-7.630490938000000
304991.665966674,9155887.3315932,6063,WARSINAH,Kroya,Tempe,3,0,,19440,0,19440,19440,109.232219400000005,-7.632884214000000
302236.88985337,9155114.79816043,6069,SARIPAH,Kroya,Tempe,2,0,,19440,0,19440,19440,109.207226100000000,-7.639766059000000
306861.185241226,9155079.14140384,6071,BUHORI,Kroya,Kripik tempe,2,0,,18000,0,18000,18000,109.249131700000007,-7.640260394000000
306029.870551634,9153454.0333905,6072,DARYANTO,Kroya,Sapu,8,0,,18000,0,18000,18000,109.241537800000003,-7.654923061000000
307687.874895703,9157946.00395415,6073,BUDHIYANTO,Kroya,Pjl Suku Cadang,8,0,,17195,0,17195,17195,109.256728499999994,-7.614369971000000
305936.982976454,9155206.53665455,6077,GIYO,Kroya,Perajin Tempe,2,0,,17136,0,17136,17136,109.240760899999998,-7.639074519000000
307198.283246625,9158009.98265305,6080,SANSUWARTA,Kroya,Perajin Tempe,3,0,,17136,0,17136,17136,109.252294199999994,-7.613773634000000
301900.573098735,9157962.38052673,6082,DARTEM,Kroya,Tempe Kedelai,2,0,,16800,0,16800,16800,109.204285700000000,-7.614007714000000
303822.365803352,9153840.53408317,6085,ROBIYAH,Kroya,Keripik Tempe,2,0,,15600,0,15600,15600,109.221546399999994,-7.651346499000000
303736.007035096,9153715.95244555,6086,SUTARYO,Kroya,Souvenir,3,0,,15000,0,15000,15000,109.220759099999995,-7.652469652000000
305928.587804741,9156073.96583758,6087,SUDI HARTOYO,Kroya,Keripik Tempe,3,0,,14400,0,14400,14400,109.240716899999995,-7.631231419000000
308456.167421377,9159465.76577567,6095,RIYAH,Kroya,Tempe Kedelai,2,0,,12000,0,12000,12000,109.263745999999998,-7.600656940000000
305790.545523463,9155748.76240428,6099,AMIN MUSTOFA,Kroya,Perajin Tempe,4,0,,6768,0,6768,6768,109.239453900000001,-7.634166625000000
308065.239939852,9154742.7929104,6100,ASRURI,Kroya,Perajin Tempe,3,0,,6768,0,6768,6768,109.260031100000006,-7.643345598000000
301292.948447593,9154312.67089465,6103,ISRO,Kroya,Perajin Tempe,3,0,,5472,0,5472,5472,109.198641499999994,-7.646982660000000
